上位のクエリ,クリック数,表示回数,CTR,掲載順位
mermaid ネットワーク構成図,1,1,100%,12
宮城 ソフトウェア 企業 選び方,0,8,0%,70.88
基本情報技術者 意味ない,0,7,0%,53.57
itパスポート 1週間,0,5,0%,54.8
基本情報技術者試験 シラバス 2026,0,4,0%,8
mermaid ネットワーク図,0,3,0%,12
応用情報 科目b,0,3,0%,35.67
宮城 ソフトウェア 開発 手法,0,3,0%,59.33
ipaの比較について 2026年の試験日程は特殊だと思うが、 整理して教えて,0,3,0%,61.67
ipa 基本情報技術者試験 シラバス 2026,0,2,0%,10
ipa 情報処理安全確保支援士 試験 2026 cbt 公式,0,1,0%,8
ipa 基本情報技術者試験 科目a 科目b cbt 2026 公式,0,1,0%,9
基本情報技術者試験 シラバス 最新,0,1,0%,27
ネットワーク スペシャリスト 申し込み 2026 いつから,0,1,0%,30
情報処理技術者試験日程 2026,0,1,0%,30
情報 セキュリティ マネジメント シラバス 変更 点,0,1,0%,31
基本情報 日程変更,0,1,0%,48
宮城 ソフトウェア 企業 流れ,0,1,0%,53
応用情報技術者試験 cbt いつから,0,1,0%,54
応用情報技術者試験 試験日:2026,0,1,0%,54
基本情報技術者試験 試験日:2026,0,1,0%,56
応用情報技術者試験 試験日 2026,0,1,0%,60
宮城 ソフトウェア 企業 フェーズ,0,1,0%,76
デジタル デバイド と は,0,1,0%,82
情報処理安全確保支援士 申し込み 2026,0,1,0%,82
ビジネスプロセス 管理,0,1,0%,83
デジタル ディバイド,0,1,0%,95