上位のページ,クリック数,表示回数,CTR,掲載順位
https://syllabushack.com/method/nw-mermaid-hack/,7,42,16.67%,7.57
https://syllabushack.com/method/new-ipa-exam-study-strategy/,6,14,42.86%,6.14
https://syllabushack.com/trend/ipa-certification-overseas-mutual-recognition/,2,12,16.67%,9.67
https://syllabushack.com/trend/mos-vs-itp-job-hunting/,1,23,4.35%,8.65
https://syllabushack.com/method/doboku-sekou-hub/,1,21,4.76%,8.52
https://syllabushack.com/trend/ccna-vs-aws-saa/,1,10,10%,7.8
https://syllabushack.com/method/itp-receipt-name-change-hack/,1,3,33.33%,11
https://syllabushack.com/method/fp-hub/,1,3,33.33%,13.33
https://syllabushack.com/theory/cpu-memory-functions/,1,2,50%,9
https://syllabushack.com/strategy/quality-control-abc-fishbone-scatter/,1,1,100%,8
https://syllabushack.com/career/applied-information-technology-engineer-career-value/,1,1,100%,14
https://syllabushack.com/method/cbt-2026-syllabus-complete-guide/,0,82,0%,10.37
https://syllabushack.com/trend/ipa-2026-cbt-schedule-guide/,0,44,0%,25.36
https://syllabushack.com/app/ap-subject-b/,0,13,0%,14.85
https://syllabushack.com/career/foreigner-japan-national-qualification/,0,12,0%,9
https://syllabushack.com/theory/aws-concept-metaphor-hack/,0,11,0%,8.73
https://syllabushack.com/trend/typing-speed-60wpa/,0,10,0%,6.8
https://syllabushack.com/career/ses-ap-strategy-miyagi/,0,10,0%,70.8
https://syllabushack.com/method/mos-ai-shortcut/,0,9,0%,8.78
https://syllabushack.com/method/ai-dj-pomodoro/,0,7,0%,21.14
https://syllabushack.com/trend/fe-certification-value-debate/,0,7,0%,53.57
https://syllabushack.com/method/ip-discard-strategy/,0,6,0%,53.83
https://syllabushack.com/theory/sla-slo-service-quality/,0,5,0%,10.4
https://syllabushack.com/method/aws-saa-beginner-reality/,0,5,0%,11.8
https://syllabushack.com/theory/bpm-process-management/,0,5,0%,27.6
https://syllabushack.com/career/ipa-reward-negotiation-hack/,0,3,0%,4
https://syllabushack.com/trend/prompt-engineering-basics,0,3,0%,5.33
https://syllabushack.com/trend/itp-vs-info1-comparison-hack/,0,3,0%,6.67
https://syllabushack.com/trend/gx-green-transformation/,0,3,0%,8.33
https://syllabushack.com/method/secretarial-cost-time-knowledge/,0,3,0%,9.33
https://syllabushack.com/career/ses-ap-strategy-miyagi,0,3,0%,55.33
https://syllabushack.com/method/sql-join-visual-ai-hack,0,2,0%,3
https://syllabushack.com/strategy/data-profitability-dwh-mining-regression/,0,2,0%,6
https://syllabushack.com/theory/core-competence/,0,2,0%,8.5
https://syllabushack.com/app/genai-trend-quiz/,0,2,0%,9
https://syllabushack.com/method/genai-vocabulary-learning-efficiency/,0,2,0%,9
https://syllabushack.com/theory/unfair-competition-prevention-act/,0,2,0%,9
https://syllabushack.com/theory/bcm-bcp-business-continuity/,0,2,0%,10
https://syllabushack.com/theory/binary-hexadecimal-basics/,0,2,0%,11
https://syllabushack.com/method/notebooklm-podcast/,0,2,0%,18.5
https://syllabushack.com/career/backoffice-sg-strategy-hiroshima/,0,2,0%,22
https://syllabushack.com/method/aws-hub/,0,2,0%,24
https://syllabushack.com/theory/ai-intellectual-property-copyright-trade-secret/,0,2,0%,39.5
https://syllabushack.com/term/digital-divide-basics,0,2,0%,88.5
https://syllabushack.com/theory/product-life-cycle/,0,1,0%,2
https://syllabushack.com/theory/sampling-methods-data/,0,1,0%,4
https://syllabushack.com/trend/5g-technology/,0,1,0%,5
https://syllabushack.com/trend/secretarial-why-bosses-recommend/,0,1,0%,6
https://syllabushack.com/theory/backup-methods/,0,1,0%,7
https://syllabushack.com/method/ai-era-book-reading-value/,0,1,0%,9
https://syllabushack.com/method/final-checkpoint-100-plus/,0,1,0%,9
https://syllabushack.com/category/trend/2/,0,1,0%,10
https://syllabushack.com/method/ap-grader-blackbox-hack/,0,1,0%,10
https://syllabushack.com/method/itp-10-days-panic-hack/,0,1,0%,10
https://syllabushack.com/theory/ansoff-matrix/,0,1,0%,10
https://syllabushack.com/trend/fp-reskilling-fit-check/,0,1,0%,10
https://syllabushack.com/,0,1,0%,11
https://syllabushack.com/career/regional-it-career-hub/,0,1,0%,11
https://syllabushack.com/trend/db-vector-search-rag/,0,1,0%,11
https://syllabushack.com/trend/dei-diversity-equity-inclusion/,0,1,0%,11
https://syllabushack.com/career/liberal-arts-it-strategy-fukuoka/,0,1,0%,12
https://syllabushack.com/strategy/business-math-statistics-average-variance-bayes/,0,1,0%,13
https://syllabushack.com/method/tablet-study-guide/,0,1,0%,18
https://syllabushack.com/term/sampling-methods-data/,0,1,0%,18
https://syllabushack.com/trend/ipa-2027-restructuring,0,1,0%,36
https://syllabushack.com/trend/reskilling-subsidy-it-certification/,0,1,0%,42
https://syllabushack.com/theory/deep-learning-basics/,0,1,0%,48
https://syllabushack.com/theory/corporate-mission-mvv/,0,1,0%,90