上位のクエリ,過去 3 か月間 クリック数,過去 3 か月間 クリック数,過去 3 か月間 表示回数,過去 3 か月間 表示回数,過去 3 か月間 CTR,過去 3 か月間 CTR,過去 3 か月間 掲載順位,過去 3 か月間 掲載順位
基本情報技術者試験 シラバス 2026,7,2,80,50,8.75%,4%,6.61,5.82
mermaid ネットワーク図,1,0,10,5,10%,0%,10.5,10.8
mermaid ネットワーク構成図,1,0,8,10,12.5%,0%,11.12,10.2
応用情報技術者試験 午後 記述式,0,0,14,0,0%,0%,8.64,0
指揮命令系統 派遣 準委任,0,0,11,0,0%,0%,28.73,0
ipa 基本情報技術者試験 シラバス 2026,0,0,8,0,0%,0%,7.38,0
宮城 ソフトウェア 企業 選び方,0,0,8,0,0%,0%,70.88,0
osi参照モデル 7階層 覚え方,0,0,7,2,0%,0%,28.43,38.5
基本情報技術者 意味ない,0,0,7,10,0%,0%,53.57,87.4
分散 と 標準 偏差,0,0,6,0,0%,0%,80.67,0
sla slo,0,0,6,0,0%,0%,80.83,0
itパスポート 試験 タイピング 必要か,0,0,5,0,0%,0%,7.4,0
sloとは it,0,0,5,0,0%,0%,13,0
itパスポート 1週間,0,0,5,0,0%,0%,54.8,0
応用情報技術者試験 午後問題 記述式,0,0,4,0,0%,0%,8.25,0
itパスポート 試験 タイピング 必要,0,0,4,0,0%,0%,11.5,0
応用情報 科目b,0,0,4,0,0%,0%,30.25,0
分散 標準 偏差,0,0,4,0,0%,0%,86.25,0
デジタルデバイド,0,0,4,1,0%,0%,88.25,93
ses 派遣 違い,0,0,4,0,0%,0%,99.25,0
応用情報技術者 午後 記述式,0,0,3,0,0%,0%,8.33,0
ネットワーク構成図 mermaid,0,0,3,1,0%,0%,8.67,10
オプトアウトポリシー,0,0,3,1,0%,0%,10,6
派遣 準委任 違い,0,0,3,0,0%,0%,44.33,0
宮城 ソフトウェア 開発 手法,0,0,3,3,0%,0%,59.33,59.67
ipaの比較について 2026年の試験日程は特殊だと思うが、 整理して教えて,0,0,3,0,0%,0%,61.67,0
it sla,0,0,3,0,0%,0%,89.67,0
応用情報技術者 午後試験 記述式,0,0,2,0,0%,0%,8,0
応用情報技術者試験 午後 記述式 長文,0,0,2,0,0%,0%,8,0
notebooklm 資格勉強,0,0,2,0,0%,0%,19.5,0
情報 セキュリティ マネジメント シラバス 変更 点,0,0,2,0,0%,0%,35,0
サービスレベルオブジェクティブ,0,0,2,0,0%,0%,40,0
sla slo 違い,0,0,2,0,0%,0%,54,0
ipa 試験 2026,0,0,2,2,0%,0%,64.5,9
宮城 ソフトウェア 企業 フェーズ,0,0,2,0,0%,0%,76.5,0
標準 偏差 分散,0,0,2,0,0%,0%,86.5,0
分散 標準偏差,0,0,2,0,0%,0%,87.5,0
デジタル ディバイド,0,0,2,3,0%,0%,90,92.33
サンプリング方法,0,0,2,0,0%,0%,94.5,0
経理 pl,0,0,2,0,0%,0%,96,0
応用情報技術者試験,0,0,1,0,0%,0%,2,0
60wpm,0,0,1,0,0%,0%,6,0
ipa 情報処理安全確保支援士 試験 2026 cbt 公式,0,0,1,0,0%,0%,8,0
itパスポート 試験 cbt 入力 タイピング 必要,0,0,1,0,0%,0%,8,0
応用情報技術者試験 午後試験 記述式,0,0,1,0,0%,0%,8,0
gemini 資格勉強 プロンプト,0,0,1,0,0%,0%,9,0
ipa 基本情報技術者試験 科目a 科目b cbt 2026 公式,0,0,1,0,0%,0%,9,0
itパスポート 恥ずかしい,0,0,1,0,0%,0%,11,0
itパスポート シラバス,0,0,1,1,0%,0%,15,13
notebooklm 資格試験勉強,0,0,1,0,0%,0%,18,0
基本情報 シラバス 変更点,0,0,1,0,0%,0%,26,0
基本情報技術者試験 シラバス 最新,0,0,1,0,0%,0%,27,0
ネットワーク スペシャリスト 申し込み 2026 いつから,0,0,1,0,0%,0%,30,0
情報処理技術者試験日程 2026,0,0,1,0,0%,0%,30,0
情報処理安全確保支援士 2026 cbt,0,0,1,0,0%,0%,32,0
ipa 高度試験 2026,0,0,1,0,0%,0%,38,0
派遣 準 委任 違い,0,0,1,0,0%,0%,42,0
応用情報 申し込み 2026,0,0,1,0,0%,0%,46,0
基本情報 日程変更,0,0,1,0,0%,0%,48,0
ディバイドとは,0,0,1,0,0%,0%,51,0
ipa 春試験 2026 申し込み,0,0,1,0,0%,0%,53,0
基本情報技術者試験日程変更,0,0,1,0,0%,0%,53,0
宮城 ソフトウェア 企業 流れ,0,0,1,0,0%,0%,53,0
応用情報技術者試験 cbt いつから,0,0,1,0,0%,0%,54,0
応用情報技術者試験 試験日:2026,0,0,1,0,0%,0%,54,0
slo sla 違い,0,0,1,0,0%,0%,56,0
基本情報技術者試験 試験日:2026,0,0,1,0,0%,0%,56,0
ipa試験 2026,0,0,1,0,0%,0%,60,0
応用情報技術者試験 試験日 2026,0,0,1,0,0%,0%,60,0
sloとは,0,0,1,0,0%,0%,62,0
標準偏差 分散 違い,0,0,1,0,0%,0%,64,0
標準偏差と分散の違い,0,0,1,0,0%,0%,67,0
情報 セキュリティ マネジメント 試験 日程 変更,0,0,1,0,0%,0%,68,0
応用情報 2026,0,0,1,0,0%,0%,69,0
標準偏差 分散,0,0,1,0,0%,0%,74,0
準委任契約と派遣契約の違い,0,0,1,0,0%,0%,74,0
デジタルディバイド 意味,0,0,1,0,0%,0%,75,0
デジタルデバイド意味,0,0,1,0,0%,0%,77,0
it パスポート 高校生,0,0,1,0,0%,0%,80,0
分散と標準偏差,0,0,1,0,0%,0%,80,0
ビジネスプロセス管理,0,0,1,0,0%,0%,81,0
slo sla,0,0,1,0,0%,0%,82,0
デジタル デバイド と は,0,0,1,0,0%,0%,82,0
情報処理安全確保支援士 申し込み 2026,0,0,1,0,0%,0%,82,0
ビジネスプロセス 管理,0,0,1,0,0%,0%,83,0
bcp bcm 違い,0,0,1,0,0%,0%,84,0
ディジタルデバイド,0,0,1,0,0%,0%,84,0
サンプリング手法,0,0,1,0,0%,0%,85,0
httpとhttpsの違い,0,0,1,0,0%,0%,86,0
http と https の 違い,0,0,1,0,0%,0%,87,0
デジタル デバイド,0,0,1,1,0%,0%,87,83
デバイド と は,0,0,1,0,0%,0%,89,0
bcm とは,0,0,1,0,0%,0%,90,0
mvv,0,0,1,0,0%,0%,90,0
bcm bcp 違い,0,0,1,0,0%,0%,91,0
slo,0,0,1,0,0%,0%,92,0
会計 pl,0,0,1,0,0%,0%,95,0
バランス スコア カード 書き方,0,0,1,0,0%,0%,98,0
bcp/bcm,0,0,1,0,0%,0%,100,0
notebooklm+,0,1,0,2,0%,50%,0,8
応用情報 基礎理論 捨てる,0,1,0,1,0%,100%,0,31
ウォーターフォールモデル,0,0,0,9,0%,0%,0,91.78
シラバス .hack,0,0,0,5,0%,0%,0,4.6
itパスポート 給付金,0,0,0,5,0%,0%,0,32
itパスポート 就活 文系,0,0,0,4,0%,0%,0,9.5
ネットワーク図 mermaid,0,0,0,4,0%,0%,0,10.5
リスキリング 助成金 活用 it,0,0,0,4,0%,0%,0,48.25
情報処理技術者試験 2026年 スケジュール,0,0,0,3,0%,0%,0,6.33
mermaid network,0,0,0,2,0%,0%,0,7
ipa 春試験 2026,0,0,0,2,0%,0%,0,8
情報処理技術者試験,0,0,0,2,0%,0%,0,8.5
2026 ipa,0,0,0,2,0%,0%,0,9
.hack シラバス,0,0,0,2,0%,0%,0,10
ipa 資格 2026,0,0,0,2,0%,0%,0,10
ipa 2026,0,0,0,2,0%,0%,0,13.5
ap sg,0,0,0,1,0%,0%,0,1
2026年 ipa,0,0,0,1,0%,0%,0,4
ipa 高度情報処理技術者試験 cbt 日程 予約 2026,0,0,0,1,0%,0%,0,7
基本情報技術者試験 2026 schedule cbt pause april,0,0,0,1,0%,0%,0,9
ipa 2026 試験,0,0,0,1,0%,0%,0,10
ipa 試験 2026 春,0,0,0,1,0%,0%,0,10
応用 情報 年収,0,0,0,1,0%,0%,0,15
情報処理安全確保支援士 役に立た ない,0,0,0,1,0%,0%,0,16
ネットワークスペシャリスト 2026 試験日,0,0,0,1,0%,0%,0,18
生成ai シラバス,0,0,0,1,0%,0%,0,19
ipa 春 試験 2026,0,0,0,1,0%,0%,0,21
itパスポート文系,0,0,0,1,0%,0%,0,25
plc プロダクトライフサイクル,0,0,0,1,0%,0%,0,27
データベーススペシャリスト試験日 2026,0,0,0,1,0%,0%,0,30
データベーススペシャリスト 試験日 2026,0,0,0,1,0%,0%,0,43
応用情報技術者年収,0,0,0,1,0%,0%,0,43
応用 情報 技術 者 年収,0,0,0,1,0%,0%,0,44
労働 基準 法 第 36 条,0,0,0,1,0%,0%,0,55
digital divide 意味,0,0,0,1,0%,0%,0,61
応用情報技術者 年収,0,0,0,1,0%,0%,0,61
デジタル ディバイド 意味,0,0,0,1,0%,0%,0,67
セキュリティ資格 ロードマップ,0,0,0,1,0%,0%,0,74
デジタル格差,0,0,0,1,0%,0%,0,80
セキュリティ 資格 ロードマップ,0,0,0,1,0%,0%,0,88
デジタル デバイド 意味,0,0,0,1,0%,0%,0,93
digital divide,0,0,0,1,0%,0%,0,94
デジタル 格差,0,0,0,1,0%,0%,0,94