上位のクエリ,過去 7 日間 クリック数,過去 7 日間 クリック数,過去 7 日間 表示回数,過去 7 日間 表示回数,過去 7 日間 CTR,過去 7 日間 CTR,過去 7 日間 掲載順位,過去 7 日間 掲載順位
mermaid ネットワーク構成図,1,0,1,0,100%,0%,12,0
mermaid ネットワーク図,0,0,3,0,0%,0%,12,0
ipaの比較について 2026年の試験日程は特殊だと思うが、 整理して教えて,0,0,2,1,0%,0%,60.5,64
宮城 ソフトウェア 企業 選び方,0,0,2,5,0%,0%,69,72.8
ipa 基本情報技術者試験 シラバス 2026,0,0,1,1,0%,0%,9,11
応用情報 科目b,0,0,1,0,0%,0%,19,0
応用情報技術者試験 試験日:2026,0,0,1,0,0%,0%,54,0
応用情報技術者試験 試験日 2026,0,0,1,0,0%,0%,60,0
デジタル デバイド と は,0,0,1,0,0%,0%,82,0
情報処理安全確保支援士 申し込み 2026,0,0,1,0,0%,0%,82,0
デジタル ディバイド,0,0,1,0,0%,0%,95,0
itパスポート 1週間,0,0,0,2,0%,0%,0,57
ipa 情報処理安全確保支援士 試験 2026 cbt 公式,0,0,0,1,0%,0%,0,8
ipa 基本情報技術者試験 科目a 科目b cbt 2026 公式,0,0,0,1,0%,0%,0,9
情報処理技術者試験日程 2026,0,0,0,1,0%,0%,0,30
情報 セキュリティ マネジメント シラバス 変更 点,0,0,0,1,0%,0%,0,31
応用情報技術者試験 cbt いつから,0,0,0,1,0%,0%,0,54
基本情報技術者試験 試験日:2026,0,0,0,1,0%,0%,0,56
宮城 ソフトウェア 企業 フェーズ,0,0,0,1,0%,0%,0,76