上位のページ,過去 7 日間 クリック数,過去 7 日間 クリック数,過去 7 日間 表示回数,過去 7 日間 表示回数,過去 7 日間 CTR,過去 7 日間 CTR,過去 7 日間 掲載順位,過去 7 日間 掲載順位
https://syllabushack.com/method/nw-mermaid-hack/,4,0,28,0,14.29%,0%,8.54,0
https://syllabushack.com/method/new-ipa-exam-study-strategy/,2,1,7,1,28.57%,100%,6.57,2
https://syllabushack.com/trend/ipa-certification-overseas-mutual-recognition/,2,0,3,0,66.67%,0%,7.33,0
https://syllabushack.com/method/fp-hub/,1,0,1,1,100%,0%,25,7
https://syllabushack.com/method/cbt-2026-syllabus-complete-guide/,0,0,25,21,0%,0%,12.16,9.67
https://syllabushack.com/trend/ipa-2026-cbt-schedule-guide/,0,0,22,12,0%,0%,26.55,23.92
https://syllabushack.com/trend/ccna-vs-aws-saa/,0,0,3,1,0%,0%,6,7
https://syllabushack.com/method/mos-ai-shortcut/,0,0,3,0,0%,0%,8.33,0
https://syllabushack.com/theory/aws-concept-metaphor-hack/,0,0,3,8,0%,0%,9,8.62
https://syllabushack.com/method/doboku-sekou-hub/,0,0,3,10,0%,0%,10.33,8.1
https://syllabushack.com/method/aws-saa-beginner-reality/,0,0,3,1,0%,0%,12.67,14
https://syllabushack.com/method/secretarial-cost-time-knowledge/,0,0,2,1,0%,0%,8,12
https://syllabushack.com/career/foreigner-japan-national-qualification/,0,0,2,1,0%,0%,10,7
https://syllabushack.com/app/ap-subject-b/,0,0,2,4,0%,0%,13.5,7
https://syllabushack.com/theory/ai-intellectual-property-copyright-trade-secret/,0,0,2,0,0%,0%,39.5,0
https://syllabushack.com/career/ses-ap-strategy-miyagi/,0,0,2,6,0%,0%,69,73.33
https://syllabushack.com/term/digital-divide-basics,0,0,2,0,0%,0%,88.5,0
https://syllabushack.com/theory/product-life-cycle/,0,0,1,0,0%,0%,2,0
https://syllabushack.com/method/sql-join-visual-ai-hack,0,0,1,1,0%,0%,3,3
https://syllabushack.com/career/ipa-reward-negotiation-hack/,0,0,1,0,0%,0%,4,0
https://syllabushack.com/theory/sampling-methods-data/,0,0,1,0,0%,0%,4,0
https://syllabushack.com/career/backoffice-sg-strategy-hiroshima/,0,0,1,0,0%,0%,6,0
https://syllabushack.com/category/trend/2/,0,0,1,0,0%,0%,10,0
https://syllabushack.com/method/itp-10-days-panic-hack/,0,0,1,0,0%,0%,10,0
https://syllabushack.com/theory/unfair-competition-prevention-act/,0,0,1,0,0%,0%,11,0
https://syllabushack.com/trend/db-vector-search-rag/,0,0,1,0,0%,0%,11,0
https://syllabushack.com/trend/dei-diversity-equity-inclusion/,0,0,1,0,0%,0%,11,0
https://syllabushack.com/method/ai-dj-pomodoro/,0,0,1,4,0%,0%,100,7.75
https://syllabushack.com/theory/cpu-memory-functions/,0,1,0,1,0%,100%,0,15
https://syllabushack.com/trend/mos-vs-itp-job-hunting/,0,0,0,3,0%,0%,0,11.67
https://syllabushack.com/trend/typing-speed-60wpa/,0,0,0,2,0%,0%,0,8
https://syllabushack.com/theory/binary-hexadecimal-basics/,0,0,0,2,0%,0%,0,11
https://syllabushack.com/method/ip-discard-strategy/,0,0,0,2,0%,0%,0,57
https://syllabushack.com/trend/gx-green-transformation/,0,0,0,1,0%,0%,0,8
https://syllabushack.com/app/genai-trend-quiz/,0,0,0,1,0%,0%,0,9
https://syllabushack.com/method/ap-grader-blackbox-hack/,0,0,0,1,0%,0%,0,10
https://syllabushack.com/theory/ansoff-matrix/,0,0,0,1,0%,0%,0,10
https://syllabushack.com/trend/fp-reskilling-fit-check/,0,0,0,1,0%,0%,0,10
https://syllabushack.com/career/regional-it-career-hub/,0,0,0,1,0%,0%,0,11
https://syllabushack.com/method/tablet-study-guide/,0,0,0,1,0%,0%,0,18
https://syllabushack.com/trend/ipa-2027-restructuring,0,0,0,1,0%,0%,0,36